title,url,type
Creme Caferacer Man Doppio Bike 2020,/creme-caferacer-man-doppio-bike-2020/rp-prod193378,hybrid
Creme Caferacer Man Solo Urban Bike 2020,/creme-caferacer-man-solo-urban-bike-2020/rp-prod193403,hybrid
Creme Caferacer Man Uno Urban Bike 2020,/creme-caferacer-man-uno-urban-bike-2020/rp-prod193402,hybrid
Creme Molly Ladies Bike 2020,/creme-molly-ladies-bike-2020/rp-prod193380,hybrid
Creme Ristretto Bolt Dynamo Urban Bike 2020,/creme-ristretto-bolt-dynamo-urban-bike-2020/rp-prod193366,hybrid
Creme Ristretto Speedstar ST Urban Bike 2020,/creme-ristretto-speedstar-st-urban-bike-2020/rp-prod193373,hybrid
Creme Ristretto Speedstar Urban Bike 2020,/creme-ristretto-speedstar-urban-bike-2020/rp-prod193372,hybrid
Cube Hyde Urban Bike 2021,/cube-hyde-urban-bike-2021/rp-prod200882,hybrid
Cube Nature Trapeze Urban Bike 2021,/cube-nature-trapeze-urban-bike-2021/rp-prod200857,hybrid
Cube Nature Urban Bike 2021,/cube-nature-urban-bike-2021/rp-prod200884,hybrid
Cube Reaction Hybrid Performance 625 E-Bike 2021,/cube-reaction-hybrid-performance-625-e-bike-2021/rp-prod202305,hybrid
Cube Touring Bike 2021,/cube-touring-bike-2021/rp-prod200878,hybrid
Cube Touring Easy-Entry Bike 2021,/cube-touring-easy-entry-bike-2021/rp-prod200906,hybrid
Cube Touring Pro Bike 2021,/cube-touring-pro-bike-2021/rp-prod200900,hybrid
Cube Touring Pro Trapeze Bike 2021,/cube-touring-pro-trapeze-bike-2021/rp-prod200876,hybrid
Cube Touring Trapeze Bike 2021,/cube-touring-trapeze-bike-2021/rp-prod200863,hybrid
Fuji Absolute 1.7 ST Urban Bike 2021,/fuji-absolute-1-7-st-urban-bike-2021/rp-prod201702,hybrid
Fuji Absolute 1.7 Urban Bike 2021,/fuji-absolute-1-7-urban-bike-2021/rp-prod201704,hybrid
Fuji Absolute 2.1 ST Urban Bike 2021,/fuji-absolute-2-1-st-urban-bike-2021/rp-prod201705,hybrid
Fuji Absolute 2.1 Urban Bike 2021,/fuji-absolute-2-1-urban-bike-2021/rp-prod201703,hybrid
Fuji Declaration Urban Bike 2021,/fuji-declaration-urban-bike-2021/rp-prod201708,hybrid
Fuji Feather Urban Bike 2021,/fuji-feather-urban-bike-2021/rp-prod201706,hybrid
Fuji Nevada 26 1.9 V-BRAKE Urban Bike 2021,/fuji-nevada-26-1-9-v-brake-urban-bike-2021/rp-prod202683,hybrid
Fuji Touring Disc Bike 2021,/fuji-touring-disc-bike-2021/rp-prod201662,hybrid
Fuji Touring Disc LTD Bike 2021,/fuji-touring-disc-ltd-bike-2021/rp-prod201661,hybrid
Fuji Traverse 1.7 ST Urban Bike 2021,/fuji-traverse-1-7-st-urban-bike-2021/rp-prod201700,hybrid
Fuji Traverse 1.7 Urban Bike 2021,/fuji-traverse-1-7-urban-bike-2021/rp-prod201701,hybrid
Ghost Square Trekking 4.8 W Urban Bike 2020,/ghost-square-trekking-4-8-w-urban-bike-2020/rp-prod199648,hybrid
GT Transeo Comp Step Thru Urban Bike 2021,/gt-transeo-comp-step-thru-urban-bike-2021/rp-prod200315,hybrid
GT Transeo Comp Urban Bike 2021,/gt-transeo-comp-urban-bike-2021/rp-prod200326,hybrid
GT Transeo Elite Urban Bike 2021,/gt-transeo-elite-urban-bike-2021/rp-prod200328,hybrid
GT Transeo Sport Step Thru Urban Bike 2021,/gt-transeo-sport-step-thru-urban-bike-2021/rp-prod200327,hybrid
GT Transeo Sport Urban Bike 2021,/gt-transeo-sport-urban-bike-2021/rp-prod200316,hybrid
Kona Dew Deluxe Urban Bike 2021,/kona-dew-deluxe-urban-bike-2021/rp-prod200688,hybrid
Kona Dew Urban Bike 2021,/kona-dew-urban-bike-2021/rp-prod199723,hybrid
Laventino Glide 3 Men's Urban Bike,/laventino-glide-3-men-s-urban-bike/rp-prod199737,hybrid
Laventino Glide 8 Men's Urban Bike,/laventino-glide-8-men-s-urban-bike/rp-prod199739,hybrid
Laventino Glide 8+ Men's Urban Bike,/laventino-glide-8-men-s-urban-bike/rp-prod199740,hybrid
Rondo Booz ST Urban Bike 2020,/rondo-booz-st-urban-bike-2020/rp-prod187116,hybrid
Van Tuyl Lunar N7 Men's Urban Bike,/van-tuyl-lunar-n7-men-s-urban-bike/rp-prod199745,hybrid
Van Tuyl Lunar N8 Extra Men's Urban Bike,/van-tuyl-lunar-n8-extra-men-s-urban-bike/rp-prod199749,hybrid
Van Tuyl Terra S27 Men's Urban Bike,/van-tuyl-terra-s27-men-s-urban-bike/rp-prod199754,hybrid
Vitus Dee City Bike (Tourney) 2021,/vitus-dee-city-bike-tourney-2021/rp-prod195696,hybrid
Vitus Dee VR City Bike (Nexus) 2021,/vitus-dee-vr-city-bike-nexus-2021/rp-prod195671,hybrid
Vitus Mach 3 VR Urban Bike (Claris) 2021,/vitus-mach-3-vr-urban-bike-claris-2021/rp-prod195698,hybrid
Vitus Mach 3 VRS Urban Bike (Sora) 2021,/vitus-mach-3-vrs-urban-bike-sora-2021/rp-prod195670,hybrid
Vitus Mach 3 VRX Urban Bike (Metrea) 2021,/vitus-mach-3-vrx-urban-bike-metrea-2021/rp-prod195677,hybrid
Vitus Vee City Bike (SS - 2021) 2021,/vitus-vee-city-bike-ss-2021-2021/rp-prod195688,hybrid
Zannata Z21 Road Bike 2020,/zannata-z21-road-bike-2020/rp-prod200922,hybrid
Commencal Clash Origin Full Suspension Bike 2021,/commencal-clash-origin-full-suspension-bike-2021/rp-prod199873,mountain
Commencal Clash Race Full Suspension Bike 2021,/commencal-clash-race-full-suspension-bike-2021/rp-prod199871,mountain
Commencal Clash Ride Full Suspension Bike 2021,/commencal-clash-ride-full-suspension-bike-2021/rp-prod199872,mountain
Commencal Meta AM 29 Ohlins Suspension Bike 2021,/commencal-meta-am-29-ohlins-suspension-bike-2021/rp-prod199946,mountain
Commencal Meta AM 29 Ride Suspension Bike 2021,/commencal-meta-am-29-ride-suspension-bike-2021/rp-prod199869,mountain
Commencal Meta AM 29 Team Suspension Bike 2021,/commencal-meta-am-29-team-suspension-bike-2021/rp-prod199868,mountain
Commencal Meta HT AM Origin 27.5 Hardtail Bike 2021,/commencal-meta-ht-am-origin-27-5-hardtail-bike-2021/rp-prod199876,mountain
Commencal Meta TR 29 Origin Suspension Bike 2021,/commencal-meta-tr-29-origin-suspension-bike-2021/rp-prod199874,mountain
Cube Access WS EAZ 27.5 Hardtail Bike 2021,/cube-access-ws-eaz-27-5-hardtail-bike-2021/rp-prod200891,mountain
Cube Acid 29 Hardtail Bike 2021,/cube-acid-29-hardtail-bike-2021/rp-prod200670,mountain
Cube Aim Ex Hardtail Bike 2021,/cube-aim-ex-hardtail-bike-2021/rp-prod200791,mountain
Cube Aim Pro 27.5 Hardtail Bike 2021,/cube-aim-pro-27-5-hardtail-bike-2021/rp-prod200657,mountain
Cube Aim Pro 29 Hardtail Bike 2021,/cube-aim-pro-29-hardtail-bike-2021/rp-prod200664,mountain
Cube Aim Race 27.5 Hardtail Bike 2021,/cube-aim-race-27-5-hardtail-bike-2021/rp-prod200658,mountain
Cube Aim Race 29 Hardtail Bike 2021,/cube-aim-race-29-hardtail-bike-2021/rp-prod200659,mountain
Cube Aim SL 27.5 Allroad Hardtail Bike 2021,/cube-aim-sl-27-5-allroad-hardtail-bike-2021/rp-prod200885,mountain
Cube Aim SL 29 Allroad Hardtail Bike 2021,/cube-aim-sl-29-allroad-hardtail-bike-2021/rp-prod200790,mountain
Cube Aim SL 29 Hardtail Bike 2021,/cube-aim-sl-29-hardtail-bike-2021/rp-prod200788,mountain
Cube AMS 100 C:68 Race Suspension Bike 2021,/cube-ams-100-c-68-race-suspension-bike-2021/rp-prod200847,mountain
Cube AMS 100 C:68 TM 29 Suspension Bike 2021,/cube-ams-100-c-68-tm-29-suspension-bike-2021/rp-prod200864,mountain
Cube Analog 29 Hardtail Bike 2021,/cube-analog-29-hardtail-bike-2021/rp-prod200676,mountain
Cube Attention 29 Hardtail Bike 2021,/cube-attention-29-hardtail-bike-2021/rp-prod200684,mountain
Cube Attention Hardtail Bike 2021,/cube-attention-hardtail-bike-2021/rp-prod200894,mountain
Cube Attention SL 29 Hardtail Bike 2021,/cube-attention-sl-29-hardtail-bike-2021/rp-prod200671,mountain
Cube Reaction C:62 Pro Hardtail Bike 2021,/cube-reaction-c-62-pro-hardtail-bike-2021/rp-prod200871,mountain
Cube Reaction Pro Hardtail Bike 2021,/cube-reaction-pro-hardtail-bike-2021/rp-prod200889,mountain
Cube Stereo 120 HPC SLT 29 Suspension Bike 2021,/cube-stereo-120-hpc-slt-29-suspension-bike-2021/rp-prod200895,mountain
Cube Stereo 120 Race 29 Suspension Bike 2021,/cube-stereo-120-race-29-suspension-bike-2021/rp-prod200886,mountain
Cube Stereo 150 C:62 Race 29 Suspension Bike 2021,/cube-stereo-150-c-62-race-29-suspension-bike-2021/rp-prod200897,mountain
Cube Stereo 150 C:68 TM 29 Suspension Bike 2021,/cube-stereo-150-c-68-tm-29-suspension-bike-2021/rp-prod200869,mountain
Cube Stereo 170 Race 29 Suspension Bike 2021,/cube-stereo-170-race-29-suspension-bike-2021/rp-prod200856,mountain
Cube Stereo 170 SL 29 Suspension Bike 2021,/cube-stereo-170-sl-29-suspension-bike-2021/rp-prod200879,mountain
Cube Stereo 170 TM 29 Suspension Bike 2021,/cube-stereo-170-tm-29-suspension-bike-2021/rp-prod200893,mountain
Fuji Nevada 27.5 1.7 Hardtail Bike 2021,/fuji-nevada-27-5-1-7-hardtail-bike-2021/rp-prod201655,mountain
Fuji Nevada 27.5 1.9 Hardtail Bike 2021,/fuji-nevada-27-5-1-9-hardtail-bike-2021/rp-prod201686,mountain
Fuji Nevada 29 1.7 Hardtail Bike 2021,/fuji-nevada-29-1-7-hardtail-bike-2021/rp-prod201654,mountain
Fuji Nevada 29 1.9 Hardtail Bike 2021,/fuji-nevada-29-1-9-hardtail-bike-2021/rp-prod201656,mountain
GT Aggressor Comp Hardtail Bike 2021,/gt-aggressor-comp-hardtail-bike-2021/rp-prod200304,mountain
GT Aggressor Expert 29 Hardtail Bike 2021,/gt-aggressor-expert-29-hardtail-bike-2021/rp-prod200302,mountain
GT Aggressor Sport Hardtail Bike 2021,/gt-aggressor-sport-hardtail-bike-2021/rp-prod200320,mountain
GT Avalanche Comp Hardtail Bike 2021,/gt-avalanche-comp-hardtail-bike-2021/rp-prod200319,mountain
GT Avalanche Elite Hardtail Bike 2021,/gt-avalanche-elite-hardtail-bike-2021/rp-prod200317,mountain
GT Avalanche Expert Hardtail Bike 2021,/gt-avalanche-expert-hardtail-bike-2021/rp-prod200305,mountain
GT Avalanche Sport Hardtail Bike 2021,/gt-avalanche-sport-hardtail-bike-2021/rp-prod200318,mountain
GT Fury Expert Suspension Bike 2021,/gt-fury-expert-suspension-bike-2021/rp-prod200336,mountain
GT LaBomba 26 Dirtjump Bike 2021,/gt-labomba-26-dirtjump-bike-2021/rp-prod200321,mountain
GT LaBomba 26 Pro Dirtjump Bike 2021,/gt-labomba-26-pro-dirtjump-bike-2021/rp-prod200314,mountain
GT Zaskar LT AL Elite Hardtail Bike 2021,/gt-zaskar-lt-al-elite-hardtail-bike-2021/rp-prod197577,mountain
GT Zaskar LT AL Expert Hardtail Bike 2021,/gt-zaskar-lt-al-expert-hardtail-bike-2021/rp-prod197576,mountain
Kona Fire Mountain Hardtail Bike 2021,/kona-fire-mountain-hardtail-bike-2021/rp-prod200011,mountain
Kona Kahuna Hardtail Bike 2021,/kona-kahuna-hardtail-bike-2021/rp-prod200015,mountain
Kona Lana'l Hardtail Bike 2021,/kona-lana-l-hardtail-bike-2021/rp-prod200019,mountain
Kona Lava Dome Hardtail Bike 2021,/kona-lava-dome-hardtail-bike-2021/rp-prod200008,mountain
Kona Mahuna Hardtail Bike 2021,/kona-mahuna-hardtail-bike-2021/rp-prod200023,mountain
Kona Process 134 27.5 Suspension Bike 2021,/kona-process-134-27-5-suspension-bike-2021/rp-prod200017,mountain
Kona Process 134 AL 29 Suspension Bike 2021,/kona-process-134-al-29-suspension-bike-2021/rp-prod200021,mountain
Kona Unit Hardtail Bike 2021,/kona-unit-hardtail-bike-2021/rp-prod200022,mountain
Kona Unit X Hardtail Bike 2021,/kona-unit-x-hardtail-bike-2021/rp-prod200024,mountain
Kona Wo Fat Bike 2021,/kona-wo-fat-bike-2021/rp-prod200010,mountain
NS Bikes Define AL 130 Suspension Bike 2020,/ns-bikes-define-al-130-suspension-bike-2020/rp-prod187076,mountain
NS Bikes Define AL 150 Suspension Bike 2020,/ns-bikes-define-al-150-suspension-bike-2020/rp-prod187099,mountain
NS Bikes Synonym 1 Suspension Bike 2020,/ns-bikes-synonym-1-suspension-bike-2020/rp-prod187110,mountain
NS Bikes Synonym 2 Suspension Bike 2020,/ns-bikes-synonym-2-suspension-bike-2020/rp-prod187098,mountain
NS Bikes Synonym Race 1 Suspension Bike 2020,/ns-bikes-synonym-race-1-suspension-bike-2020/rp-prod187089,mountain
NS Bikes Synonym RC 1 Suspension Bike 2021,/ns-bikes-synonym-rc-1-suspension-bike-2021/rp-prod197950,mountain
NS Bikes Synonym RC 2 Suspension Bike 2021,/ns-bikes-synonym-rc-2-suspension-bike-2021/rp-prod197940,mountain
NS Bikes Synonym TR 2 Suspension Bike 2021,/ns-bikes-synonym-tr-2-suspension-bike-2021/rp-prod197912,mountain
Nukeproof Dissent 275 Comp Bike (GX DH) 2021,/nukeproof-dissent-275-comp-bike-gx-dh-2021/rp-prod196827,mountain
Nukeproof Dissent 275 Comp DH Bike (GX) 2020,/nukeproof-dissent-275-comp-dh-bike-gx-2020/rp-prod180007,mountain
Nukeproof Dissent 275 RS Bike (X01 DH) 2021,/nukeproof-dissent-275-rs-bike-x01-dh-2021/rp-prod196826,mountain
Nukeproof Dissent 275 RS DH Bike (XO1) 2020,/nukeproof-dissent-275-rs-dh-bike-xo1-2020/rp-prod180005,mountain
Nukeproof Dissent 290 Comp Bike (GX DH) 2021,/nukeproof-dissent-290-comp-bike-gx-dh-2021/rp-prod196852,mountain
Nukeproof Dissent 290 Comp DH Bike (GX) 2020,/nukeproof-dissent-290-comp-dh-bike-gx-2020/rp-prod180004,mountain
Nukeproof Dissent 290 RS Bike (X01 DH) 2021,/nukeproof-dissent-290-rs-bike-x01-dh-2021/rp-prod196851,mountain
Nukeproof Dissent 290 RS DH Bike (XO1) 2020,/nukeproof-dissent-290-rs-dh-bike-xo1-2020/rp-prod180003,mountain
Nukeproof Dissent 297 Comp Bike (GX DH) 2021,/nukeproof-dissent-297-comp-bike-gx-dh-2021/rp-prod196855,mountain
Nukeproof Dissent 297 RS Bike (X01 DH) 2021,/nukeproof-dissent-297-rs-bike-x01-dh-2021/rp-prod196828,mountain
Nukeproof Mega 275 Comp Alloy Bike (Deore) 2021,/nukeproof-mega-275-comp-alloy-bike-deore-2021/rp-prod196141,mountain
Nukeproof Mega 275 Elite Carbon Bike (SLX) 2021,/nukeproof-mega-275-elite-carbon-bike-slx-2021/rp-prod196148,mountain
Nukeproof Mega 275 Factory Carbon Bike (XT) 2021,/nukeproof-mega-275-factory-carbon-bike-xt-2021/rp-prod196143,mountain
Nukeproof Mega 275 Pro Alloy Bike (GX Eagle) 2021,/nukeproof-mega-275-pro-alloy-bike-gx-eagle-2021/rp-prod196139,mountain
Nukeproof Mega 275 RS Carbon Bike (X01 Eagle) 2021,/nukeproof-mega-275-rs-carbon-bike-x01-eagle-2021/rp-prod196146,mountain
Nukeproof Mega 275 RS Carbon Bike (XO1 Eagle) 2020,/nukeproof-mega-275-rs-carbon-bike-xo1-eagle-2020/rp-prod183283,mountain
Nukeproof Mega 290 Comp Alloy Bike (Deore) 2021,/nukeproof-mega-290-comp-alloy-bike-deore-2021/rp-prod196147,mountain
Nukeproof Mega 290 Elite Carbon Bike (SLX) 2021,/nukeproof-mega-290-elite-carbon-bike-slx-2021/rp-prod196138,mountain
Nukeproof Mega 290 Factory Carbon Bike (XT) 2021,/nukeproof-mega-290-factory-carbon-bike-xt-2021/rp-prod196140,mountain
Nukeproof Mega 290 Pro Alloy Bike (GX Eagle) 2021,/nukeproof-mega-290-pro-alloy-bike-gx-eagle-2021/rp-prod196137,mountain
Nukeproof Mega 290 RS Carbon Bike (X01 Eagle) 2021,/nukeproof-mega-290-rs-carbon-bike-x01-eagle-2021/rp-prod196142,mountain
Nukeproof Reactor 275 Comp Alloy Bike (Deore) 2021,/nukeproof-reactor-275-comp-alloy-bike-deore-2021/rp-prod196199,mountain
Nukeproof Reactor 275 Elite Carbon Bike (SLX) 2021,/nukeproof-reactor-275-elite-carbon-bike-slx-2021/rp-prod196201,mountain
Nukeproof Reactor 275 Factory Carbon Bike (XT) 2021,/nukeproof-reactor-275-factory-carbon-bike-xt-2021/rp-prod196205,mountain
Nukeproof Reactor 275 Pro Alloy Bike (GX Eagle) 2021,/nukeproof-reactor-275-pro-alloy-bike-gx-eagle-2021/rp-prod196806,mountain
Nukeproof Reactor 275 RS Carbon Bike (X01 Eagle) 2021,/nukeproof-reactor-275-rs-carbon-bike-x01-eagle-2021/rp-prod196198,mountain
Nukeproof Reactor 275 RS Carbon Bike (XO1 Eagle) 2020,/nukeproof-reactor-275-rs-carbon-bike-xo1-eagle-2020/rp-prod182137,mountain
Nukeproof Reactor 290 Comp Alloy Bike (Deore) 2021,/nukeproof-reactor-290-comp-alloy-bike-deore-2021/rp-prod196200,mountain
Nukeproof Reactor 290 Elite Carbon Bike (SLX) 2021,/nukeproof-reactor-290-elite-carbon-bike-slx-2021/rp-prod196203,mountain
Nukeproof Reactor 290 Factory Carbon Bike (XT) 2021,/nukeproof-reactor-290-factory-carbon-bike-xt-2021/rp-prod196202,mountain
Nukeproof Reactor 290 Pro Alloy Bike (GX Eagle) 2021,/nukeproof-reactor-290-pro-alloy-bike-gx-eagle-2021/rp-prod196204,mountain
Nukeproof Reactor 290 RS Carbon Bike (X01 Eagle) 2021,/nukeproof-reactor-290-rs-carbon-bike-x01-eagle-2021/rp-prod196206,mountain
Nukeproof Reactor 290 ST Factory Carbon Bike (XT) 2021,/nukeproof-reactor-290-st-factory-carbon-bike-xt-2021/rp-prod196197,mountain
Nukeproof Scout 275 Comp Bike (Deore12) 2021,/nukeproof-scout-275-comp-bike-deore12-2021/rp-prod196184,mountain
Nukeproof Scout 275 Pro Bike (SLX) 2021,/nukeproof-scout-275-pro-bike-slx-2021/rp-prod196181,mountain
Nukeproof Scout 275 Race Bike (Deore10) 2021,/nukeproof-scout-275-race-bike-deore10-2021/rp-prod196186,mountain
Nukeproof Scout 290 Comp Bike (Deore12) 2021,/nukeproof-scout-290-comp-bike-deore12-2021/rp-prod196185,mountain
Nukeproof Scout 290 Pro Bike (SLX) 2021,/nukeproof-scout-290-pro-bike-slx-2021/rp-prod196183,mountain
Nukeproof Scout 290 Race Bike (Deore10) 2021,/nukeproof-scout-290-race-bike-deore10-2021/rp-prod196182,mountain
Octane One Melt Pump Track Bike 2021,/octane-one-melt-pump-track-bike-2021/rp-prod191780,mountain
Octane One Prone Trail Hardtail Bike 2021,/octane-one-prone-trail-hardtail-bike-2021/rp-prod191781,mountain
Octane One Sour All Mountain Hardtail Bike 2021,/octane-one-sour-all-mountain-hardtail-bike-2021/rp-prod191778,mountain
Vitus Dominer DH Bike (Zee) 2020,/vitus-dominer-dh-bike-zee-2020/rp-prod181442,mountain
Vitus Escarpe 27 CR Mountain Bike 2021,/vitus-escarpe-27-cr-mountain-bike-2021/rp-prod195266,mountain
Vitus Escarpe 27 CRS Mountain Bike 2021,/vitus-escarpe-27-crs-mountain-bike-2021/rp-prod195298,mountain
Vitus Escarpe 27 CRX Mountain Bike 2021,/vitus-escarpe-27-crx-mountain-bike-2021/rp-prod195275,mountain
Vitus Escarpe 29 CR Mountain Bike 2021,/vitus-escarpe-29-cr-mountain-bike-2021/rp-prod195276,mountain
Vitus Escarpe 29 CRS Mountain Bike 2021,/vitus-escarpe-29-crs-mountain-bike-2021/rp-prod195282,mountain
Vitus Escarpe 29 CRX Mountain Bike 2021,/vitus-escarpe-29-crx-mountain-bike-2021/rp-prod195293,mountain
Vitus Mythique 27 VR Mountain Bike 2021,/vitus-mythique-27-vr-mountain-bike-2021/rp-prod195583,mountain
Vitus Mythique 27 VRS Mountain Bike 2021,/vitus-mythique-27-vrs-mountain-bike-2021/rp-prod195580,mountain
Vitus Mythique 27 VRW Womens Mountain Bike 2021,/vitus-mythique-27-vrw-womens-mountain-bike-2021/rp-prod195579,mountain
Vitus Mythique 27 VRX Bike (SX Eagle 1x12) 2020,/vitus-mythique-27-vrx-bike-sx-eagle-1x12-2020/rp-prod182797,mountain
Vitus Mythique 27 VRX Mountain Bike 2021,/vitus-mythique-27-vrx-mountain-bike-2021/rp-prod195567,mountain
Vitus Mythique 29 VR Mountain Bike 2021,/vitus-mythique-29-vr-mountain-bike-2021/rp-prod195584,mountain
Vitus Mythique 29 VRS Mountain Bike 2021,/vitus-mythique-29-vrs-mountain-bike-2021/rp-prod195581,mountain
Vitus Mythique 29 VRX Mountain Bike 2021,/vitus-mythique-29-vrx-mountain-bike-2021/rp-prod195589,mountain
Vitus Nucleus 27 VR Bike (Altus 2x9) 2020,/vitus-nucleus-27-vr-bike-altus-2x9-2020/rp-prod181448,mountain
Vitus Nucleus 27 VR Mountain Bike - Blue 2021,/vitus-nucleus-27-vr-mountain-bike-blue-2021/rp-prod195556,mountain
Vitus Nucleus 27 VR Mountain Bike - Grey 2021,/vitus-nucleus-27-vr-mountain-bike-grey-2021/rp-prod195571,mountain
Vitus Nucleus 27 VRS Mountain Bike 2021,/vitus-nucleus-27-vrs-mountain-bike-2021/rp-prod195570,mountain
Vitus Nucleus 27 VRW Womens Mountain Bike 2021,/vitus-nucleus-27-vrw-womens-mountain-bike-2021/rp-prod195569,mountain
Vitus Nucleus 29 VR Mountain Bike - Blue 2021,/vitus-nucleus-29-vr-mountain-bike-blue-2021/rp-prod195617,mountain
Vitus Nucleus 29 VR Mountain Bike - Grey 2021,/vitus-nucleus-29-vr-mountain-bike-grey-2021/rp-prod195582,mountain
Vitus Nucleus 29 VRS Mountain Bike 2021,/vitus-nucleus-29-vrs-mountain-bike-2021/rp-prod195611,mountain
Vitus Rapide 29 CRS Mountain Bike 2021,/vitus-rapide-29-crs-mountain-bike-2021/rp-prod195563,mountain
Vitus Rapide 29 CRX Mountain Bike 2021,/vitus-rapide-29-crx-mountain-bike-2021/rp-prod195558,mountain
Vitus Rapide 29 Mountain Bike 2021,/vitus-rapide-29-mountain-bike-2021/rp-prod195578,mountain
Vitus Rapide 29 VR Mountain Bike 2021,/vitus-rapide-29-vr-mountain-bike-2021/rp-prod195551,mountain
Vitus Sentier 27 Mountain Bike 2021,/vitus-sentier-27-mountain-bike-2021/rp-prod195566,mountain
Vitus Sentier 27 VR Mountain Bike 2021,/vitus-sentier-27-vr-mountain-bike-2021/rp-prod195592,mountain
Vitus Sentier 27 VRS Mountain Bike 2021,/vitus-sentier-27-vrs-mountain-bike-2021/rp-prod195560,mountain
Vitus Sentier 27 VRW Womens Mountain Bike 2021,/vitus-sentier-27-vrw-womens-mountain-bike-2021/rp-prod195588,mountain
Vitus Sentier 27 VRX Mountain Bike 2021,/vitus-sentier-27-vrx-mountain-bike-2021/rp-prod195614,mountain
Vitus Sentier 29 Mountain Bike 2021,/vitus-sentier-29-mountain-bike-2021/rp-prod195612,mountain
Vitus Sentier 29 VR Mountain Bike 2021,/vitus-sentier-29-vr-mountain-bike-2021/rp-prod195562,mountain
Vitus Sentier 29 VRS Mountain Bike 2021,/vitus-sentier-29-vrs-mountain-bike-2021/rp-prod195597,mountain
Vitus Sentier 29 VRX Mountain Bike 2021,/vitus-sentier-29-vrx-mountain-bike-2021/rp-prod195609,mountain
Vitus Sommet 27 CR Mountain Bike 2021,/vitus-sommet-27-cr-mountain-bike-2021/rp-prod195273,mountain
Vitus Sommet 27 CRS Bike (XT-SLX 1x12) Covert 2020,/vitus-sommet-27-crs-bike-xt-slx-1x12-covert-2020/rp-prod194582,mountain
Vitus Sommet 27 CRS Mountain Bike 2021,/vitus-sommet-27-crs-mountain-bike-2021/rp-prod195288,mountain
Vitus Sommet 27 CRX Bike (XTR-XT 1x12) 2020,/vitus-sommet-27-crx-bike-xtr-xt-1x12-2020/rp-prod182688,mountain
Vitus Sommet 27 CRX Mountain Bike 2021,/vitus-sommet-27-crx-mountain-bike-2021/rp-prod195286,mountain
Vitus Sommet 29 CR Mountain Bike 2021,/vitus-sommet-29-cr-mountain-bike-2021/rp-prod195294,mountain
Vitus Sommet 29 CRS Mountain Bike 2021,/vitus-sommet-29-crs-mountain-bike-2021/rp-prod195269,mountain
Vitus Sommet 29 CRX Mountain Bike 2021,/vitus-sommet-29-crx-mountain-bike-2021/rp-prod195267,mountain
Brand-X Road Bike,/brand-x-road-bike/rp-prod165484,road
Cinelli King Zydeco GRX Gravel Bike 2021,/cinelli-king-zydeco-grx-gravel-bike-2021/rp-prod193360,road
Cinelli Tipo Pista Track Bike 2020,/cinelli-tipo-pista-track-bike-2020/rp-prod185467,road
Cinelli Veltrix Disc Tiagra Hydro Road Bike 2020,/cinelli-veltrix-disc-tiagra-hydro-road-bike-2020/rp-prod195629,road
Cinelli Vigorelli Aluminium Pista Track Bike 2019,/cinelli-vigorelli-aluminium-pista-track-bike-2019/rp-prod185470,road
Cinelli Zydeco LaLa Sora Adventure Road Bike 2021,/cinelli-zydeco-lala-sora-adventure-road-bike-2021/rp-prod195627,road
Colnago V3 Disc Ultegra Road Bike 2020,/colnago-v3-disc-ultegra-road-bike-2020/rp-prod195645,road
Cube Agree C:62 Race Road Bike 2021,/cube-agree-c-62-race-road-bike-2021/rp-prod200892,road
Cube Agree C:62 SL Road Bike 2021,/cube-agree-c-62-sl-road-bike-2021/rp-prod200859,road
Cube Attain GTC SL Road Bike 2021,/cube-attain-gtc-sl-road-bike-2021/rp-prod200655,road
Cube Attain Pro Road Bike 2021,/cube-attain-pro-road-bike-2021/rp-prod200654,road
Cube Attain Race Road Bike 2021,/cube-attain-race-road-bike-2021/rp-prod200643,road
Cube Attain Road Bike 2021,/cube-attain-road-bike-2021/rp-prod200652,road
Cube Attain SL Road Bike 2021,/cube-attain-sl-road-bike-2021/rp-prod200656,road
Cube Axial WS Pro Road Bike 2021,/cube-axial-ws-pro-road-bike-2021/rp-prod202307,road
Cube Axial WS Race Road Bike 2021,/cube-axial-ws-race-road-bike-2021/rp-prod200888,road
Cube Axial WS Road Bike 2021,/cube-axial-ws-road-bike-2021/rp-prod200874,road
Cube Litening C:68X Pro Road Bike 2021,/cube-litening-c-68x-pro-road-bike-2021/rp-prod200904,road
Cube Litening C:68X Race Road Bike 2021,/cube-litening-c-68x-race-road-bike-2021/rp-prod200873,road
Cube Nuroad Pro FE Road Bike 2021,/cube-nuroad-pro-fe-road-bike-2021/rp-prod200862,road
Cube Nuroad Pro Road Bike 2021,/cube-nuroad-pro-road-bike-2021/rp-prod200832,road
Cube Nuroad Race FE Road Bike 2021,/cube-nuroad-race-fe-road-bike-2021/rp-prod202304,road
Cube Nuroad Race Road Bike 2021,/cube-nuroad-race-road-bike-2021/rp-prod200875,road
Cube SL Road Bike 2021,/cube-sl-road-bike-2021/rp-prod200795,road
Cube SL Road Pro Bike 2021,/cube-sl-road-pro-bike-2021/rp-prod200794,road
Cube SL Road Race Bike 2021,/cube-sl-road-race-bike-2021/rp-prod200793,road
Cube SL Road SL Bike 2021,/cube-sl-road-sl-bike-2021/rp-prod200672,road
De Rosa Idol Racing 500 Disc (Ultegra Di2) 2020,/de-rosa-idol-racing-500-disc-ultegra-di2-2020/rp-prod191773,road
De Rosa Idol Racing 500 Disc (Ultegra) 2020,/de-rosa-idol-racing-500-disc-ultegra-2020/rp-prod191772,road
De Rosa King XS Ultegra Road Bike 2018,/de-rosa-king-xs-ultegra-road-bike-2018/rp-prod166626,road
Felt VR2 DI2 Road Bike 2019,/felt-vr2-di2-road-bike-2019/rp-prod197156,road
Fuji Sportif 1.3 Disc Road Bike 2021,/fuji-sportif-1-3-disc-road-bike-2021/rp-prod201666,road
Fuji Sportif 1.5 Disc Road Bike 2020,/fuji-sportif-1-5-disc-road-bike-2020/rp-prod192480,road
Fuji Sportif 2.1 Road Bike 2021,/fuji-sportif-2-1-road-bike-2021/rp-prod201715,road
Kona Libre CR DL Adventure Road Bike 2021,/kona-libre-cr-dl-adventure-road-bike-2021/rp-prod200020,road
Kona Sultra ULTD Adventure Road Bike 2021,/kona-sultra-ultd-adventure-road-bike-2021/rp-prod200025,road
Kona Sutra Adventure Road Bike 2021,/kona-sutra-adventure-road-bike-2021/rp-prod200006,road
Kona Sutra LTD Adventure Road Bike 2021,/kona-sutra-ltd-adventure-road-bike-2021/rp-prod200014,road
Octane One Kode ADV Commuter Road Bike 2021,/octane-one-kode-adv-commuter-road-bike-2021/rp-prod179111,road
Orro Gold Road Bike (Tiagra) 2021,/orro-gold-road-bike-tiagra-2021/rp-prod199724,road
NEW!Orro Venturi STC Force eTap Airbeat Road Bike 2021,/orro-venturi-stc-force-etap-airbeat-road-bike-2021/rp-prod204106,road
Ridley Fenix SLA Disc Road Bike (Tiagra) 2021,/ridley-fenix-sla-disc-road-bike-tiagra-2021/rp-prod202301,road
Ridley Kanzo A Adventure Bike (Apex 1) 2021,/ridley-kanzo-a-adventure-bike-apex-1-2021/rp-prod199021,road
Vitus Razor Disc Road Bike (Claris) 2021,/vitus-razor-disc-road-bike-claris-2021/rp-prod195668,road
Vitus Razor Road Bike (Claris) 2021,/vitus-razor-road-bike-claris-2021/rp-prod195674,road
Vitus Razor VR Disc Road Bike (Sora) 2021,/vitus-razor-vr-disc-road-bike-sora-2021/rp-prod195673,road
Vitus Razor W Disc Road Bike (Claris) 2021,/vitus-razor-w-disc-road-bike-claris-2021/rp-prod195691,road
Vitus Razor W Road Bike (Claris) 2021,/vitus-razor-w-road-bike-claris-2021/rp-prod195665,road
Vitus Vitesse EVO CR Road Bike (105) 2020,/vitus-vitesse-evo-cr-road-bike-105-2020/rp-prod183555,road
Vitus Vitesse EVO CR Road Bike (105) 2021,/vitus-vitesse-evo-cr-road-bike-105-2021/rp-prod195723,road
Vitus Vitesse EVO CRS Di2 Road Bike (Ultegra) 2021,/vitus-vitesse-evo-crs-di2-road-bike-ultegra-2021/rp-prod195813,road
Vitus Vitesse EVO CRS eTap AXS Road Bike 2021,/vitus-vitesse-evo-crs-etap-axs-road-bike-2021/rp-prod195818,road
Vitus Vitesse EVO CRS Road Bike (Ultegra) 2021,/vitus-vitesse-evo-crs-road-bike-ultegra-2021/rp-prod195822,road
Vitus Vitesse EVO CRX eTap AXS Road Bike (Red) 2021,/vitus-vitesse-evo-crx-etap-axs-road-bike-red-2021/rp-prod195094,road
Vitus Vitesse EVO CRX eTap Road Bike (Red) 2020,/vitus-vitesse-evo-crx-etap-road-bike-red-2020/rp-prod183344,road
Vitus Zenium CR Road Bike (105) 2020,/vitus-zenium-cr-road-bike-105-2020/rp-prod183565,road
Vitus Zenium CR Road Bike (105) 2021,/vitus-zenium-cr-road-bike-105-2021/rp-prod195711,road
Vitus Zenium CRS Di2 Road Bike (Ultegra Di2) 2021,/vitus-zenium-crs-di2-road-bike-ultegra-di2-2021/rp-prod195687,road
Vitus Zenium CRS Road Bike (Ultegra) 2021,/vitus-zenium-crs-road-bike-ultegra-2021/rp-prod195690,road
Vitus Zenium CRW Road Bike (105) 2021,/vitus-zenium-crw-road-bike-105-2021/rp-prod195686,road
Vitus Zenium Road Bike (Tiagra) 2021,/vitus-zenium-road-bike-tiagra-2021/rp-prod195706,road
Vitus ZX1 CR Road Bike (105) 2020,/vitus-zx1-cr-road-bike-105-2020/rp-prod183345,road
Zannata Z25 Road Bike 2020,/zannata-z25-road-bike-2020/rp-prod200921,road
